{"cameraMode":{"drawMode":0,"name":"Shaded","section":"Shading Mode"},"sceneLighting":true,"audioPlay":false,"sceneViewState":{"showFog":true,"showMaterialUpdate":true,"showSkybox":false,"showFlares":true,"showImageEffects":true,"showParticleSystems":true},"in2DMode":false,"pivot":{"x":0.4024238586425781,"y":2.805939197540283,"z":-1.1291136741638184},"rotation":{"x":-0.06684575229883194,"y":0.9216141700744629,"z":-0.18376334011554719,"w":-0.3352462351322174},"size":15.677936553955079,"orthographic":false}