{"cameraMode":{"drawMode":0,"name":"Shaded","section":"Shading Mode"},"sceneLighting":false,"audioPlay":false,"sceneViewState":{"showFog":true,"showMaterialUpdate":true,"showSkybox":false,"showFlares":true,"showImageEffects":true,"showParticleSystems":true},"in2DMode":false,"pivot":{"x":-12.738265991210938,"y":-1.984600305557251,"z":-8.226152420043946},"rotation":{"x":0.10804463922977448,"y":0.03130486235022545,"z":-0.003403812414035201,"w":0.9936472177505493},"size":9.644278526306153,"orthographic":false}