{"cameraMode":{"drawMode":0,"name":"Shaded","section":"Shading Mode"},"sceneLighting":false,"audioPlay":false,"sceneViewState":{"showFog":true,"showMaterialUpdate":true,"showSkybox":false,"showFlares":true,"showImageEffects":true,"showParticleSystems":true},"in2DMode":false,"pivot":{"x":0.6946448087692261,"y":-4.989521503448486,"z":6.000589370727539},"rotation":{"x":0.28936767578125,"y":0.06710589677095413,"z":-0.020340457558631898,"w":0.9546462297439575},"size":13.939355850219727,"orthographic":false}