{"cameraMode":{"drawMode":0,"name":"Shaded","section":"Shading Mode"},"sceneLighting":true,"audioPlay":false,"sceneViewState":{"showFog":true,"showMaterialUpdate":true,"showSkybox":true,"showFlares":true,"showImageEffects":true,"showParticleSystems":true},"in2DMode":false,"pivot":{"x":-6.345388889312744,"y":2.03995680809021,"z":-1.4630763530731202},"rotation":{"x":-0.056697577238082889,"y":0.8220236301422119,"z":-0.08315271884202957,"w":-0.560489296913147},"size":11.491987228393555,"orthographic":false}