{"cameraMode":{"drawMode":0,"name":"Shaded","section":"Shading Mode"},"sceneLighting":true,"audioPlay":false,"sceneViewState":{"showFog":true,"showMaterialUpdate":true,"showSkybox":true,"showFlares":true,"showImageEffects":true,"showParticleSystems":true},"in2DMode":false,"pivot":{"x":-49.23904037475586,"y":-21.554656982421876,"z":-47.971229553222659},"rotation":{"x":0.06260038912296295,"y":-0.9098019599914551,"z":0.148980975151062,"w":0.382290780544281},"size":85.75652313232422,"orthographic":false}