{"cameraMode":{"drawMode":0,"name":"Shaded","section":"Shading Mode"},"sceneLighting":true,"audioPlay":false,"sceneViewState":{"showFog":true,"showMaterialUpdate":true,"showSkybox":true,"showFlares":true,"showImageEffects":true,"showParticleSystems":true},"in2DMode":false,"pivot":{"x":-1.65608549118042,"y":2.759530544281006,"z":-19.351139068603517},"rotation":{"x":0.0015070370864123107,"y":-0.9972689747810364,"z":0.02125488966703415,"w":0.07071553170681},"size":25.970848083496095,"orthographic":false}