{"cameraMode":{"drawMode":0,"name":"Shaded","section":"Shading Mode"},"sceneLighting":true,"audioPlay":false,"sceneViewState":{"showFog":true,"showMaterialUpdate":true,"showSkybox":true,"showFlares":true,"showImageEffects":true,"showParticleSystems":true},"in2DMode":false,"pivot":{"x":-1.2126624584197999,"y":1.9577324390411378,"z":3.1696457862854006},"rotation":{"x":0.1019640862941742,"y":-0.057619012892246249,"z":0.005915376357734203,"w":0.9931004047393799},"size":4.628818035125732,"orthographic":false}