{"cameraMode":{"drawMode":0,"name":"Shaded","section":"Shading Mode"},"sceneLighting":true,"audioPlay":false,"sceneViewState":{"showFog":true,"showMaterialUpdate":true,"showSkybox":true,"showFlares":true,"showImageEffects":true,"showParticleSystems":true},"in2DMode":false,"pivot":{"x":-0.7037920355796814,"y":3.6957993507385256,"z":-0.04274817556142807},"rotation":{"x":-0.0006730344030074775,"y":-0.9955740571022034,"z":-0.007157021202147007,"w":0.09370540827512741},"size":5.011341094970703,"orthographic":false}