{"cameraMode":{"drawMode":0,"name":"Shaded","section":"Shading Mode"},"sceneLighting":true,"audioPlay":false,"sceneViewState":{"showFog":true,"showMaterialUpdate":true,"showSkybox":true,"showFlares":true,"showImageEffects":true,"showParticleSystems":true},"in2DMode":false,"pivot":{"x":-23.83725929260254,"y":-18.219284057617189,"z":73.04412078857422},"rotation":{"x":0.13755787909030915,"y":-0.15856972336769105,"z":0.022315675392746927,"w":0.9774638414382935},"size":100.69791412353516,"orthographic":false}