{"cameraMode":{"drawMode":0,"name":"Shaded","section":"Shading Mode"},"sceneLighting":true,"audioPlay":false,"sceneViewState":{"showFog":true,"showMaterialUpdate":true,"showSkybox":true,"showFlares":true,"showImageEffects":true,"showParticleSystems":true},"in2DMode":false,"pivot":{"x":11.24063777923584,"y":-17.52324867248535,"z":-38.16500473022461},"rotation":{"x":0.03194615989923477,"y":0.9642983675003052,"z":-0.22406689822673798,"w":0.13748547434806825},"size":48.136940002441409,"orthographic":false}