{"cameraMode":{"drawMode":0,"name":"Shaded","section":"Shading Mode"},"sceneLighting":true,"audioPlay":false,"sceneViewState":{"showFog":true,"showMaterialUpdate":true,"showSkybox":false,"showFlares":true,"showImageEffects":true,"showParticleSystems":true},"in2DMode":false,"pivot":{"x":-12.201719284057618,"y":-3.5465517044067385,"z":4.230926036834717},"rotation":{"x":-0.136630579829216,"y":0.47346073389053347,"z":-0.07461664080619812,"w":-0.8669483661651611},"size":17.95174217224121,"orthographic":false}