{"cameraMode":{"drawMode":0,"name":"Shaded","section":"Shading Mode"},"sceneLighting":false,"audioPlay":false,"sceneViewState":{"showFog":true,"showMaterialUpdate":true,"showSkybox":false,"showFlares":true,"showImageEffects":true,"showParticleSystems":true},"in2DMode":false,"pivot":{"x":-12.79827880859375,"y":-3.974609375,"z":11.422152519226075},"rotation":{"x":-0.15858438611030579,"y":-0.0262976735830307,"z":0.004225876182317734,"w":-0.9869861602783203},"size":8.599723815917969,"orthographic":false}