{"cameraMode":{"drawMode":0,"name":"Shaded","section":"Shading Mode"},"sceneLighting":true,"audioPlay":false,"sceneViewState":{"showFog":true,"showMaterialUpdate":true,"showSkybox":true,"showFlares":true,"showImageEffects":true,"showParticleSystems":true},"in2DMode":false,"pivot":{"x":-1.3224544525146485,"y":1.1061005592346192,"z":3.3281893730163576},"rotation":{"x":-0.12919455766677857,"y":0.13674265146255494,"z":-0.017990052700042726,"w":-0.9819809794425964},"size":7.75250244140625,"orthographic":false}