{"cameraMode":{"drawMode":0,"name":"Shaded","section":"Shading Mode"},"sceneLighting":false,"audioPlay":false,"sceneViewState":{"showFog":true,"showMaterialUpdate":true,"showSkybox":false,"showFlares":true,"showImageEffects":true,"showParticleSystems":true},"in2DMode":false,"pivot":{"x":0.0,"y":4.549999713897705,"z":-0.000051975250244140625},"rotation":{"x":-0.06684575229883194,"y":0.9216141700744629,"z":-0.18376334011554719,"w":-0.3352462351322174},"size":33.84763717651367,"orthographic":false}