{"cameraMode":{"drawMode":0,"name":"Shaded","section":"Shading Mode"},"sceneLighting":true,"audioPlay":false,"sceneViewState":{"showFog":true,"showMaterialUpdate":true,"showSkybox":true,"showFlares":true,"showImageEffects":true,"showParticleSystems":true},"in2DMode":false,"pivot":{"x":117.16767883300781,"y":-21.957103729248048,"z":-1.2504202127456666},"rotation":{"x":0.07281272113323212,"y":0.7077010869979858,"z":-0.07373243570327759,"w":0.6988713145256043},"size":132.60879516601563,"orthographic":false}