{"cameraMode":{"drawMode":0,"name":"Shaded","section":"Shading Mode"},"sceneLighting":false,"audioPlay":false,"sceneViewState":{"showFog":true,"showMaterialUpdate":true,"showSkybox":false,"showFlares":true,"showImageEffects":true,"showParticleSystems":true},"in2DMode":false,"pivot":{"x":-12.231592178344727,"y":-2.4652223587036135,"z":-6.602902412414551},"rotation":{"x":0.2971286475658417,"y":0.09717021882534027,"z":-0.03041091002523899,"w":0.9493933320045471},"size":3.157883882522583,"orthographic":false}