{"cameraMode":{"drawMode":0,"name":"Shaded","section":"Shading Mode"},"sceneLighting":true,"audioPlay":false,"sceneViewState":{"showFog":true,"showMaterialUpdate":true,"showSkybox":true,"showFlares":true,"showImageEffects":true,"showParticleSystems":true},"in2DMode":false,"pivot":{"x":7.238953590393066,"y":-0.14135299623012544,"z":-2.506683349609375},"rotation":{"x":-0.083864226937294,"y":-0.8118125796318054,"z":0.12046439945697785,"w":-0.5651686191558838},"size":12.671662330627442,"orthographic":false}