{"cameraMode":{"drawMode":0,"name":"Shaded","section":"Shading Mode"},"sceneLighting":false,"audioPlay":false,"sceneViewState":{"showFog":true,"showMaterialUpdate":true,"showSkybox":false,"showFlares":true,"showImageEffects":true,"showParticleSystems":true},"in2DMode":false,"pivot":{"x":-0.5223963856697083,"y":-2.9585299491882326,"z":3.08566951751709},"rotation":{"x":-0.23908525705337525,"y":0.02417321875691414,"z":-0.005954436957836151,"w":-0.9706794023513794},"size":10.365074157714844,"orthographic":false}