{"cameraMode":{"drawMode":0,"name":"Shaded","section":"Shading Mode"},"sceneLighting":true,"audioPlay":false,"sceneViewState":{"showFog":true,"showMaterialUpdate":true,"showSkybox":false,"showFlares":true,"showImageEffects":true,"showParticleSystems":true},"in2DMode":false,"pivot":{"x":-12.738265991210938,"y":-1.984600305557251,"z":-8.226152420043946},"rotation":{"x":0.0743064284324646,"y":0.4965015649795532,"z":-0.04271060600876808,"w":0.8637943267822266},"size":2.8578836917877199,"orthographic":false}