{"cameraMode":{"drawMode":0,"name":"Shaded","section":"Shading Mode"},"sceneLighting":true,"audioPlay":false,"sceneViewState":{"showFog":true,"showMaterialUpdate":true,"showSkybox":false,"showFlares":true,"showImageEffects":true,"showParticleSystems":true},"in2DMode":false,"pivot":{"x":-12.738265991210938,"y":-1.984600305557251,"z":-8.226152420043946},"rotation":{"x":0.03431427851319313,"y":0.9655776023864746,"z":-0.18951855599880219,"w":0.1748291552066803},"size":2.772355794906616,"orthographic":false}