{"cameraMode":{"drawMode":0,"name":"Shaded","section":"Shading Mode"},"sceneLighting":true,"audioPlay":false,"sceneViewState":{"showFog":true,"showMaterialUpdate":true,"showSkybox":true,"showFlares":true,"showImageEffects":true,"showParticleSystems":true},"in2DMode":false,"pivot":{"x":-1.2065362930297852,"y":1.9860727787017823,"z":10.083600044250489},"rotation":{"x":-0.037762150168418887,"y":0.04586836323142052,"z":-0.0017349072732031346,"w":-0.9982320070266724},"size":13.195340156555176,"orthographic":false}