{"cameraMode":{"drawMode":0,"name":"Shaded","section":"Shading Mode"},"sceneLighting":true,"audioPlay":false,"sceneViewState":{"showFog":true,"showMaterialUpdate":true,"showSkybox":true,"showFlares":true,"showImageEffects":true,"showParticleSystems":true},"in2DMode":false,"pivot":{"x":5.309999942779541,"y":4.0,"z":0.050000011920928958},"rotation":{"x":-0.032210491597652438,"y":-0.9434462785720825,"z":0.31559398770332339,"w":-0.09629232436418534},"size":6.2001800537109379,"orthographic":false}