{"cameraMode":{"drawMode":0,"name":"Shaded","section":"Shading Mode"},"sceneLighting":true,"audioPlay":false,"sceneViewState":{"showFog":true,"showMaterialUpdate":true,"showSkybox":false,"showFlares":true,"showImageEffects":true,"showParticleSystems":true},"in2DMode":false,"pivot":{"x":0.34020671248435976,"y":-1.012942910194397,"z":1.2707533836364747},"rotation":{"x":-0.15858438611030579,"y":-0.0262976735830307,"z":0.004225876182317734,"w":-0.9869861602783203},"size":8.999740600585938,"orthographic":false}