{"cameraMode":{"drawMode":0,"name":"Shaded","section":"Shading Mode"},"sceneLighting":true,"audioPlay":false,"sceneViewState":{"showFog":true,"showMaterialUpdate":true,"showSkybox":true,"showFlares":true,"showImageEffects":true,"showParticleSystems":true},"in2DMode":false,"pivot":{"x":-16.96576690673828,"y":-12.830940246582032,"z":142.75070190429688},"rotation":{"x":-0.058713871985673907,"y":0.04613574594259262,"z":-0.0027162458281964065,"w":-0.9972044825553894},"size":147.31016540527345,"orthographic":false}