{"cameraMode":{"drawMode":0,"name":"Shaded","section":"Shading Mode"},"sceneLighting":false,"audioPlay":false,"sceneViewState":{"showFog":true,"showMaterialUpdate":true,"showSkybox":false,"showFlares":true,"showImageEffects":true,"showParticleSystems":true},"in2DMode":false,"pivot":{"x":5.960464477539063e-8,"y":1.0530589818954468,"z":0.0},"rotation":{"x":-0.29491204023361208,"y":0.07477821409702301,"z":-0.023156767711043359,"w":-0.9523124098777771},"size":9.355589866638184,"orthographic":false}