{"cameraMode":{"drawMode":0,"name":"Shaded","section":"Shading Mode"},"sceneLighting":true,"audioPlay":false,"sceneViewState":{"showFog":true,"showMaterialUpdate":true,"showSkybox":true,"showFlares":true,"showImageEffects":true,"showParticleSystems":true},"in2DMode":false,"pivot":{"x":-0.39045852422714236,"y":-1.9244670867919922,"z":6.035770893096924},"rotation":{"x":-0.393915593624115,"y":0.04080396145582199,"z":-0.01750725321471691,"w":-0.9180735945701599},"size":17.734771728515626,"orthographic":false}