{"cameraMode":{"drawMode":0,"name":"Shaded","section":"Shading Mode"},"sceneLighting":true,"audioPlay":false,"sceneViewState":{"showFog":true,"showMaterialUpdate":true,"showSkybox":true,"showFlares":true,"showImageEffects":true,"showParticleSystems":true},"in2DMode":false,"pivot":{"x":-52.09952926635742,"y":-26.861858367919923,"z":50.38034439086914},"rotation":{"x":-0.18975473940372468,"y":0.37915146350860598,"z":-0.07974854856729508,"w":-0.9021516442298889},"size":94.20700073242188,"orthographic":false}