{"cameraMode":{"drawMode":0,"name":"Shaded","section":"Shading Mode"},"sceneLighting":true,"audioPlay":false,"sceneViewState":{"showFog":true,"showMaterialUpdate":true,"showSkybox":true,"showFlares":true,"showImageEffects":true,"showParticleSystems":true},"in2DMode":false,"pivot":{"x":16.9991397857666,"y":-14.471269607543946,"z":-37.687076568603519},"rotation":{"x":0.03431427851319313,"y":0.9655776023864746,"z":-0.18951855599880219,"w":0.1748291552066803},"size":57.58723449707031,"orthographic":false}