{"cameraMode":{"drawMode":0,"name":"Shaded","section":"Shading Mode"},"sceneLighting":true,"audioPlay":false,"sceneViewState":{"showFog":true,"showMaterialUpdate":true,"showSkybox":false,"showFlares":true,"showImageEffects":true,"showParticleSystems":true},"in2DMode":false,"pivot":{"x":-1.150679111480713,"y":2.5412566661834719,"z":3.117460250854492},"rotation":{"x":0.15310771763324738,"y":-0.5622501373291016,"z":0.10685554891824722,"w":0.8056145310401917},"size":1.2033634185791016,"orthographic":false}