{"cameraMode":{"drawMode":0,"name":"Shaded","section":"Shading Mode"},"sceneLighting":true,"audioPlay":false,"sceneViewState":{"showFog":true,"showMaterialUpdate":false,"showSkybox":true,"showFlares":true,"showImageEffects":true,"showParticleSystems":true},"in2DMode":false,"pivot":{"x":-12.738265991210938,"y":-1.984600305557251,"z":-8.226152420043946},"rotation":{"x":0.06044016405940056,"y":-0.8785951733589172,"z":0.11558890342712403,"w":0.4594091475009918},"size":20.740873336791993,"orthographic":false}