{"cameraMode":{"drawMode":0,"name":"Shaded","section":"Shading Mode"},"sceneLighting":true,"audioPlay":false,"sceneViewState":{"showFog":true,"showMaterialUpdate":true,"showSkybox":true,"showFlares":true,"showImageEffects":true,"showParticleSystems":true},"in2DMode":false,"pivot":{"x":-65.26459503173828,"y":-11.485591888427735,"z":-5.10594367980957},"rotation":{"x":0.10816703736782074,"y":-0.7222278714179993,"z":0.1160418763756752,"w":0.6732170581817627},"size":96.35087585449219,"orthographic":false}