{"cameraMode":{"drawMode":0,"name":"Shaded","section":"Shading Mode"},"sceneLighting":true,"audioPlay":false,"sceneViewState":{"showFog":true,"showMaterialUpdate":false,"showSkybox":true,"showFlares":true,"showImageEffects":true,"showParticleSystems":true},"in2DMode":false,"pivot":{"x":-4.984286308288574,"y":-5.039480686187744,"z":3.0405008792877199},"rotation":{"x":0.28519007563591006,"y":-0.6216874122619629,"z":0.26014527678489687,"w":0.6815392971038818},"size":16.311439514160158,"orthographic":false}