{"cameraMode":{"drawMode":0,"name":"Shaded","section":"Shading Mode"},"sceneLighting":true,"audioPlay":false,"sceneViewState":{"showFog":true,"showMaterialUpdate":false,"showSkybox":true,"showFlares":true,"showImageEffects":true,"showParticleSystems":true},"in2DMode":false,"pivot":{"x":-2.35166072845459,"y":5.3872528076171879,"z":-0.9117889404296875},"rotation":{"x":0.0406603142619133,"y":-0.9589328765869141,"z":0.21223194897174836,"w":0.18371745944023133},"size":50.58479690551758,"orthographic":false}