{"cameraMode":{"drawMode":0,"name":"Shaded","section":"Shading Mode"},"sceneLighting":true,"audioPlay":false,"sceneViewState":{"showFog":true,"showMaterialUpdate":true,"showSkybox":true,"showFlares":true,"showImageEffects":true,"showParticleSystems":true},"in2DMode":false,"pivot":{"x":-52.33445358276367,"y":-19.834835052490236,"z":-45.639732360839847},"rotation":{"x":0.06260038912296295,"y":-0.9098019599914551,"z":0.148980975151062,"w":0.382290780544281},"size":1414.248046875,"orthographic":false}