{"cameraMode":{"drawMode":0,"name":"Shaded","section":"Shading Mode"},"sceneLighting":true,"audioPlay":false,"sceneViewState":{"showFog":true,"showMaterialUpdate":true,"showSkybox":true,"showFlares":true,"showImageEffects":true,"showParticleSystems":true},"in2DMode":false,"pivot":{"x":-42.3436164855957,"y":18.66761016845703,"z":-60.090389251708987},"rotation":{"x":-0.02771817520260811,"y":-0.9485920071601868,"z":-0.08674237132072449,"w":0.3031182289123535},"size":80.90744018554688,"orthographic":false}