{"cameraMode":{"drawMode":0,"name":"Shaded","section":"Shading Mode"},"sceneLighting":false,"audioPlay":false,"sceneViewState":{"showFog":true,"showMaterialUpdate":true,"showSkybox":false,"showFlares":true,"showImageEffects":true,"showParticleSystems":true},"in2DMode":false,"pivot":{"x":-12.896977424621582,"y":-2.0921471118927,"z":-8.2486572265625},"rotation":{"x":0.1334085315465927,"y":-0.005951701197773218,"z":0.0008013165788725019,"w":0.991042971611023},"size":2.172355890274048,"orthographic":false}