{"cameraMode":{"drawMode":0,"name":"Shaded","section":"Shading Mode"},"sceneLighting":true,"audioPlay":false,"sceneViewState":{"showFog":true,"showMaterialUpdate":true,"showSkybox":false,"showFlares":true,"showImageEffects":true,"showParticleSystems":true},"in2DMode":false,"pivot":{"x":-0.23941174149513246,"y":-1.3800047636032105,"z":9.216893196105957},"rotation":{"x":-0.10059648007154465,"y":0.030202947556972505,"z":-0.0030548011418431999,"w":-0.994464099407196},"size":12.623398780822754,"orthographic":false}