{"cameraMode":{"drawMode":0,"name":"Shaded","section":"Shading Mode"},"sceneLighting":true,"audioPlay":false,"sceneViewState":{"showFog":true,"showMaterialUpdate":true,"showSkybox":true,"showFlares":true,"showImageEffects":true,"showParticleSystems":true},"in2DMode":false,"pivot":{"x":0.9327191114425659,"y":1.434478998184204,"z":-1.3333622217178345},"rotation":{"x":-0.4137282073497772,"y":0.3343600034713745,"z":-0.16662228107452393,"w":-0.8302225470542908},"size":2.2276740074157717,"orthographic":false}