{"cameraMode":{"drawMode":0,"name":"Shaded","section":"Shading Mode"},"sceneLighting":true,"audioPlay":false,"sceneViewState":{"showFog":true,"showMaterialUpdate":true,"showSkybox":true,"showFlares":true,"showImageEffects":true,"showParticleSystems":true},"in2DMode":false,"pivot":{"x":1.825094223022461,"y":25.016845703125,"z":26.467491149902345},"rotation":{"x":-0.29491204023361208,"y":0.07477821409702301,"z":-0.023156767711043359,"w":-0.9523124098777771},"size":262.18438720703127,"orthographic":false}