{"cameraMode":{"drawMode":0,"name":"Shaded","section":"Shading Mode"},"sceneLighting":false,"audioPlay":false,"sceneViewState":{"showFog":true,"showMaterialUpdate":true,"showSkybox":false,"showFlares":true,"showImageEffects":true,"showParticleSystems":true},"in2DMode":false,"pivot":{"x":-12.738265991210938,"y":-1.984600305557251,"z":-8.226152420043946},"rotation":{"x":0.29616302251815798,"y":-0.08154123276472092,"z":0.025385577231645585,"w":0.9513118267059326},"size":3.3723556995391847,"orthographic":false}