{"cameraMode":{"drawMode":0,"name":"Shaded","section":"Shading Mode"},"sceneLighting":false,"audioPlay":false,"sceneViewState":{"showFog":true,"showMaterialUpdate":false,"showSkybox":false,"showFlares":true,"showImageEffects":true,"showParticleSystems":true},"in2DMode":false,"pivot":{"x":0.032869935035705569,"y":-0.05231107771396637,"z":0.005589783191680908},"rotation":{"x":-0.33231157064437868,"y":0.6022083163261414,"z":-0.3034900724887848,"w":-0.6593997478485107},"size":0.30000025033950808,"orthographic":false}