{"cameraMode":{"drawMode":0,"name":"Shaded","section":"Shading Mode"},"sceneLighting":false,"audioPlay":false,"sceneViewState":{"showFog":true,"showMaterialUpdate":false,"showSkybox":true,"showFlares":true,"showImageEffects":true,"showParticleSystems":true},"in2DMode":false,"pivot":{"x":-0.021436765789985658,"y":-16.091856002807618,"z":-43.88154602050781},"rotation":{"x":0.00007649511098861694,"y":0.9675844311714172,"z":-0.2525477707386017,"w":0.00029161275597289205},"size":62.44749069213867,"orthographic":false}