{"cameraMode":{"drawMode":0,"name":"Shaded","section":"Shading Mode"},"sceneLighting":false,"audioPlay":false,"sceneViewState":{"showFog":true,"showMaterialUpdate":false,"showSkybox":true,"showFlares":true,"showImageEffects":true,"showParticleSystems":true},"in2DMode":false,"pivot":{"x":-8.394691467285157,"y":0.40151166915893557,"z":3.9038376808166506},"rotation":{"x":-0.08499310165643692,"y":0.585155189037323,"z":-0.06185288354754448,"w":-0.804079532623291},"size":15.520545959472657,"orthographic":false}