{"cameraMode":{"drawMode":0,"name":"Shaded","section":"Shading Mode"},"sceneLighting":false,"audioPlay":false,"sceneViewState":{"showFog":true,"showMaterialUpdate":false,"showSkybox":true,"showFlares":true,"showImageEffects":true,"showParticleSystems":true},"in2DMode":false,"pivot":{"x":-12.77974796295166,"y":-21.29373550415039,"z":30.917999267578126},"rotation":{"x":0.3527596890926361,"y":-0.1808115392923355,"z":0.06967590004205704,"w":0.9154305458068848},"size":65.80928802490235,"orthographic":false}