{"cameraMode":{"drawMode":0,"name":"Shaded","section":"Shading Mode"},"sceneLighting":false,"audioPlay":false,"sceneViewState":{"showFog":true,"showMaterialUpdate":false,"showSkybox":true,"showFlares":true,"showImageEffects":true,"showParticleSystems":true},"in2DMode":false,"pivot":{"x":-114.7318115234375,"y":4.793576717376709,"z":66.83778381347656},"rotation":{"x":0.008833535015583039,"y":0.49732470512390139,"z":0.0050638760440051559,"w":-0.8675047755241394},"size":137.09759521484376,"orthographic":false}