{"cameraMode":{"drawMode":0,"name":"Shaded","section":"Shading Mode"},"sceneLighting":true,"audioPlay":false,"sceneViewState":{"showFog":true,"showMaterialUpdate":false,"showSkybox":true,"showFlares":true,"showImageEffects":true,"showParticleSystems":true},"in2DMode":false,"pivot":{"x":0.7788028717041016,"y":3.9121241569519045,"z":-3.6179797649383547},"rotation":{"x":-0.11681701242923737,"y":0.06163053587079048,"z":-0.007263788487762213,"w":-0.991212785243988},"size":3.3173248767852785,"orthographic":false}