{"cameraMode":{"drawMode":0,"name":"Shaded","section":"Shading Mode"},"sceneLighting":true,"audioPlay":false,"sceneViewState":{"showFog":true,"showMaterialUpdate":false,"showSkybox":false,"showFlares":true,"showImageEffects":true,"showParticleSystems":true},"in2DMode":false,"pivot":{"x":-2.1285572052001955,"y":-2.359126091003418,"z":1.815779685974121},"rotation":{"x":-0.3096725642681122,"y":0.4978308379650116,"z":-0.19613787531852723,"w":-0.7860009074211121},"size":8.733799934387207,"orthographic":false}