{"cameraMode":{"drawMode":0,"name":"Shaded","section":"Shading Mode"},"sceneLighting":true,"audioPlay":false,"sceneViewState":{"showFog":true,"showMaterialUpdate":false,"showSkybox":false,"showFlares":true,"showImageEffects":true,"showParticleSystems":true},"in2DMode":false,"pivot":{"x":0.08210005611181259,"y":-0.18642038106918336,"z":2.729200839996338},"rotation":{"x":-0.05577941611409187,"y":-0.008389323018491269,"z":0.0004687212058342993,"w":-0.998407781124115},"size":5.751852035522461,"orthographic":false}