{"cameraMode":{"drawMode":0,"name":"Shaded","section":"Shading Mode"},"sceneLighting":true,"audioPlay":false,"sceneViewState":{"showFog":true,"showMaterialUpdate":false,"showSkybox":true,"showFlares":true,"showImageEffects":true,"showParticleSystems":true},"in2DMode":false,"pivot":{"x":0.1301293969154358,"y":1.7727880477905274,"z":0.32687219977378847},"rotation":{"x":-0.1351429522037506,"y":0.8647775650024414,"z":-0.34822386503219607,"w":-0.335613489151001},"size":4.503114223480225,"orthographic":false}