{"cameraMode":{"drawMode":0,"name":"Shaded","section":"Shading Mode"},"sceneLighting":true,"audioPlay":false,"sceneViewState":{"showFog":true,"showMaterialUpdate":false,"showSkybox":false,"showFlares":true,"showImageEffects":true,"showParticleSystems":true},"in2DMode":false,"pivot":{"x":0.32862818241119387,"y":0.4956154227256775,"z":1.3282477855682374},"rotation":{"x":-0.12150886654853821,"y":0.0005930035840719938,"z":-0.00007250046473927796,"w":-0.9925901889801025},"size":3.5987658500671388,"orthographic":false}