{"cameraMode":{"drawMode":0,"name":"Shaded","section":"Shading Mode"},"sceneLighting":true,"audioPlay":false,"sceneViewState":{"showFog":true,"showMaterialUpdate":false,"showSkybox":true,"showFlares":true,"showImageEffects":true,"showParticleSystems":true},"in2DMode":false,"pivot":{"x":-0.458620548248291,"y":-0.15882205963134767,"z":-0.2592344284057617},"rotation":{"x":-0.1351429522037506,"y":0.8647775650024414,"z":-0.34822386503219607,"w":-0.335613489151001},"size":8.135839462280274,"orthographic":false}