{"cameraMode":{"drawMode":0,"name":"Shaded","section":"Shading Mode"},"sceneLighting":true,"audioPlay":false,"sceneViewState":{"showFog":true,"showMaterialUpdate":false,"showSkybox":true,"showFlares":true,"showImageEffects":true,"showParticleSystems":true},"in2DMode":false,"pivot":{"x":0.23063385486602784,"y":0.43172359466552737,"z":0.748908519744873},"rotation":{"x":0.031629692763090137,"y":0.95167076587677,"z":-0.2869057059288025,"w":0.10491661727428436},"size":5.406973361968994,"orthographic":false}