{"cameraMode":{"drawMode":0,"name":"Shaded","section":"Shading Mode"},"sceneLighting":false,"audioPlay":false,"sceneViewState":{"showFog":true,"showMaterialUpdate":false,"showSkybox":false,"showFlares":true,"showImageEffects":true,"showParticleSystems":true},"in2DMode":false,"pivot":{"x":-0.2581542134284973,"y":-0.8004314303398132,"z":6.033817291259766},"rotation":{"x":-0.07073215395212174,"y":0.023037152364850045,"z":-0.0016340715810656548,"w":-0.9972279667854309},"size":8.770801544189454,"orthographic":false}