{"cameraMode":{"drawMode":0,"name":"Shaded","section":"Shading Mode"},"sceneLighting":false,"audioPlay":false,"sceneViewState":{"showFog":true,"showMaterialUpdate":false,"showSkybox":false,"showFlares":true,"showImageEffects":true,"showParticleSystems":true},"in2DMode":false,"pivot":{"x":-0.057179782539606097,"y":1.8402047157287598,"z":0.595734179019928},"rotation":{"x":0.08805553615093231,"y":0.021511713042855264,"z":0.001902010990306735,"w":-0.9958814382553101},"size":0.8913971781730652,"orthographic":false}